faculty_name ,faculty_id,faculty_designation,faculty_qualification ,date_of_joining ,experience_in_months,,,,,,
Aravapalli Sri Chaitanya,TS_CSE_586,Assistant Professor,Ph.D,08-12-2023,76 months,,,,,,
Korlepara Prasanth,TS_CSM_511,Assistant Professor,M.Tech-CSE,16-07-2025,8 months,,,,,,
Dr.M.Aruna Safali,TS_CSE_400,Professor,"MCA, MTech, PhD",01-04-2021,204 months,,,,,,
SIREESHA KAILA,TS_CSM_541,Assistant Professor,"MCA, MTECH",16-07-2025,9 months,,,,,,
DONTHABIONA NAVATHA,TS_CSM_512,Assistant Professor,Mtech,16-07-2025,9 months,,,,,,
Eluri Narmada,TS_CSM_671,Assistant Professor,"B.Tech(IT), M.Tech(CSE)",19-05-2025,96 months,,,,,,
M.Anitha,TS_CSM_742,Assistant Professor,M.Tech,01-12-2025,188 months,,,,,,
T Swathi,TS_CSM_731,Assistant Professor,Mtech CSE,03-11-2025,6 months,,,,,,
MARESWARAMMA PILLI,TS_CSM_653,Assistant Professor,M.Tech,12-12-2024,210 months,,,,,,
MadhuKanth Raavi,TS_CSE_571,Assistant Professor,"M.Tech(CSE),(P.hD)",13-09-2023,29 months,,,,,,
,,,,,,,,,,,
,,,,,,,,,,,
,,,,,,,,,,,
,,,,,,,,,,,
,,,,,,,,,,,
,,,,,,,,,,,
,,,,,,,,,,,
